Text,Emotional,Framing,Decisive,Explanation,Rewrite,Emotional (R),Framing (R),Decisive (R),Article Link,Source,Source Reli,Source Bias
"After weeks of posturing that it was preparing to call a strike by August 31, the Philadelphia Federation of Teachers abruptly rammed through a contract Thursday night. The move was intended to prevent a walkout by 14,000 educators in the nation’s eighth-largest school district.",7,8,6,"Posturing and ""rammed through"" are highly charged verbs framing union leadership as deceptive and authoritarian. ""Us-vs-them"" is between union leadership and members.","The Philadelphia Federation of Teachers approved a contract on Thursday to avoid a strike by approximately 14,000 educators in the district.",1,1, ,https://www.wsws.org/en/articles/2025/08/30/phil-a30.html,World Socialist Web Site,28.26,-26.41
"According to the union’s own figures, less than half of the membership participated in the rushed online vote. Only 4,000 ballots were cast in favor—barely one quarter of the total membership—yet the PFT declared the agreement ratified.",6,8,5,Rushed frames the vote as illegitimate. The statistics are presented to maximize the perception of a lack of mandate. Bias is against the union's process.,"According to union figures, less than half of members participated in the online vote, with about 4,000 voting in favor, after which the agreement was recorded as ratified.",1,2,1,https://www.wsws.org/en/articles/2025/08/30/phil-a30.html,World Socialist Web Site,28.26,-26.41
This sham vote cannot be considered legitimate or binding by teachers. Philadelphia educators must organize themselves to override this sellout and prepare collective action independent of the union’s apparatus.,10,10,8,"Sham, ""sellout"" are extremely emotionally charged. Direct call to action frames the union apparatus as the enemy (""them"") versus the rank-and-file teachers (""us"").",Some teachers argue the vote should not be considered valid and are discussing whether to organize additional actions outside the union process.,2,3,2,https://www.wsws.org/en/articles/2025/08/30/phil-a30.html,World Socialist Web Site,28.26,-26.41
"The agreement provides a 3 percent wage increase per year, a raise that does not keep pace with inflation in Philadelphia, which is already higher. At the same time, it introduces steep healthcare premium increases for new hires.",4,7,3,"Factual data is presented with a clear negative framing (""does not keep pace,"" ""steep increases""). Low emotional charge, high framing bias.","The agreement includes a 3 percent annual wage increase and higher healthcare premiums for new hires, and wage growth is below recent inflation estimates in Philadelphia.",2,3,1,https://www.wsws.org/en/articles/2025/08/30/phil-a30.html,World Socialist Web Site,28.26,-26.41
"Paid interview time for kindergarten teachers has been eliminated under the contract. Even parental leave provisions will not take effect until next year, underscoring the regressive nature of the deal.",5,8,3,"Eliminated and ""regressive"" are negatively loaded terms. The framing is exclusively on concessions, biasing the reader against the deal.","The contract removes paid interview time for kindergarten teachers, and parental leave provisions will begin next year.",2,2,1,https://www.wsws.org/en/articles/2025/08/30/phil-a30.html,World Socialist Web Site,28.26,-26.41
"Over the summer, PFT members had voted by 94 percent to authorize a strike. The union even organized “strike ready” events with sign-making and rallies to project the image of preparing for confrontation.",3,7,4,"The statistic is powerful. ""Project the image"" implies the union's actions were for show rather than genuine, introducing a framing bias against the leadership's intentions.","Earlier in the summer, PFT members voted by 94 percent to authorize a strike, and the union held events to prepare materials and activities related to potential strike action.",1,2,1,https://www.wsws.org/en/articles/2025/08/30/phil-a30.html,World Socialist Web Site,28.26,-26.41
"The instant the PFT suddenly announced the tentative agreement, its tone changed by 180 degrees. From threatening to strike, the leadership shifted to celebrating a deal that promised “three years of labor peace.”",6,8,6,"Suddenly, ""180 degrees,"" and the quotes around ""three years of labor peace"" frame the union's shift as abrupt and cynical, creating a ""us (members) vs them (leadership)"" dynamic.","After the tentative agreement was announced, the union shifted from preparing for a strike to supporting the proposed contract, which it said would provide three years of labor stability.",1,2,1,https://www.wsws.org/en/articles/2025/08/30/phil-a30.html,World Socialist Web Site,28.26,-26.41
"Philadelphia schools face a $300 million deficit, while the Southeastern Pennsylvania Transportation Authority is slashing services under “doomsday” cuts. These austerity measures mirror crises unfolding in every major urban district across the country.",7,7,4,"Doomsday is emotionally charged. The framing presents a context of crisis, which biases the reader to see the union's actions as a betrayal in this context.","Philadelphia schools face a $300 million deficit, and the regional transportation authority is reducing services due to budget constraints, similar to conditions in other large districts.",1,2,1,https://www.wsws.org/en/articles/2025/08/30/phil-a30.html,World Socialist Web Site,28.26,-26.41
PFT officials used intimidation and manipulation to present the contract as a fait accompli. Teachers reported being told that the union would not call a strike even if members rejected the deal.,9,9,8,"Intimidation, ""manipulation,"" ""fait accompli"" are highly charged accusations. This strongly frames union officials as the hostile ""them"" against the teachers.",Some teachers reported being told that a strike would not be called even if the contract was rejected.,1,2,1,https://www.wsws.org/en/articles/2025/08/30/phil-a30.html,World Socialist Web Site,28.26,-26.41
The entire “strike ready” campaign was a maneuver to get in front of explosive rank-and-file anger. It functioned as a way to channel discontent back under bureaucratic control rather than unleash a genuine struggle.,8,9,7,"Maneuver, ""explosive anger,"" ""bureaucratic control"" frame the union as a manipulative entity managing rather than representing its members (""us"").",Some members believe the union’s strike-related activities were intended to manage internal dissatisfaction rather than pursue a strike.,2,3,2,https://www.wsws.org/en/articles/2025/08/30/phil-a30.html,World Socialist Web Site,28.26,-26.41
"Far from a sign of strength, such maneuvers reflect the profound weakness of the union apparatus. The leadership is terrified of the growing opposition from below, fueled by worsening living and working conditions.",8,9,7,"Profound weakness, ""terrified"" are charged language. Framing is of a weak leadership afraid of its own members (""opposition from below""), reinforcing the divide.",Critics of the agreement say that recent decisions reflect concerns within the union about growing opposition related to working and living conditions.,2,3,2,https://www.wsws.org/en/articles/2025/08/30/phil-a30.html,World Socialist Web Site,28.26,-26.41
This betrayal in Philadelphia follows the shutdown of the AFSCME municipal strike in July. That strike had disrupted July 4 festivities before being quickly suppressed in collaboration with the city’s Democratic mayor.,8,8,6,"Betrayal, ""suppressed,"" ""collaboration"" frame both union and Democratic officials as opposing the workers. This sets up a class-based ""us-vs-them.""","The situation in Philadelphia follows the end of a municipal strike in July, which concluded after disruptions during July 4 events and discussions between union and city officials.",2,3,2,https://www.wsws.org/en/articles/2025/08/30/phil-a30.html,World Socialist Web Site,28.26,-26.41
"Teachers across the country are entering into struggle, pressing for strike action in California, Chicago, and New York. At the same time, both Democrats and Republicans are accelerating cuts to public education.",5,8,7,"Framing pits ""teachers in struggle"" against a unified ""them"" of ""both Democrats and Republicans,"" presenting a clear political divide.","Teachers in several states, including California, Chicago, and New York, are considering or pursuing strike actions while public education budgets face reductions.",1,2,1,https://www.wsws.org/en/articles/2025/08/30/phil-a30.html,World Socialist Web Site,28.26,-26.41
"To wage a genuine fight, educators must form independent rank-and-file committees. Such bodies can override undemocratic decisions, assert control over bargaining, and organize strike action outside union control.",7,9,8,"Genuine fight vs. implied fake fight. Direct call to create a new ""us"" (committees) explicitly outside the control of the existing ""them"" (union apparatus).",Some educators advocate forming independent committees to participate more directly in decision-making and collective action.,1,2,1,https://www.wsws.org/en/articles/2025/08/30/phil-a30.html,World Socialist Web Site,28.26,-26.41
"“On Friday, July 4th, floods began to sweep across Texas Hill Country, washing away vacation cabins, youth camps, and campgrounds along the riverbanks and hills of Kerr County—including Camp Mystic, a century-old Christian summer camp for girls.”",6,3,1,"Descriptive and factual. Some emotional weight in ""washing away"" and the description of the camp, but it's primarily setting a scene. Low bias or divisiveness.","On July 4, floods in Texas Hill Country damaged structures along riverbanks in Kerr County, including a long-established summer camp.",1,2,1,https://www.socialistalternative.org/2025/08/21/texas-floods-trumps-cuts-make-capitalisms-climate-crisis-more-devastating/,Socialist Alternative,26.17,-23.8
"“At the time of writing, the flash floods have killed at least 135 people. Hill Country is naturally prone to flash flooding due to its dry, compacted soil, which cannot absorb heavy rainfall.”",4,2,1,Factual reporting of casualties and geological facts. Minimal emotional charge or bias.,"As of this report, at least 135 people have died in the flash floods. The Hill Country region is susceptible to flash flooding because its dry, compacted soil absorbs rainfall slowly.",2,3,2,https://www.socialistalternative.org/2025/08/21/texas-floods-trumps-cuts-make-capitalisms-climate-crisis-more-devastating/,Socialist Alternative,26.17,-23.8
"“The Guadalupe River rose 26 feet in just 45 minutes, and recently defunded emergency services were not equipped to respond in time.”",5,7,3,"The fact of the river rising is neutral. ""Recently defunded emergency services"" frames the lack of response as a direct result of political decisions, introducing bias.","The Guadalupe River rose 26 feet in 45 minutes, and emergency services were unable to respond in time.",2,3,2,https://www.socialistalternative.org/2025/08/21/texas-floods-trumps-cuts-make-capitalisms-climate-crisis-more-devastating/,Socialist Alternative,26.17,-23.8
"“These floods have exposed politicians from both parties—particularly Republicans—and the catastrophic effect of Trump and DOGE’s ruthless cuts to crucial government agencies, such as FEMA.”",9,9,8,"Exposed, ""catastrophic effect,"" ""ruthless cuts"" are highly charged. Blames a specific political group (""them"") for the disaster, creating a strong political divide.","The floods highlighted the effects of changes to government agency budgets, including FEMA.",2,3,2,https://www.socialistalternative.org/2025/08/21/texas-floods-trumps-cuts-make-capitalisms-climate-crisis-more-devastating/,Socialist Alternative,26.17,-23.8
"“Over the last decade, FEMA has sent more than $7 billion in individual and public assistance, yet Governor Abbott is supporting Trump in slashing funding for the agency.”",6,8,7,"Uses a fact to frame Abbott's actions as contradictory and harmful. Creates an ""us"" (those needing aid) vs. ""them"" (Abbott/Trump).","Over the last decade, FEMA has provided more than $7 billion in assistance, while current proposals would reduce the agency’s funding.",2,3,2,https://www.socialistalternative.org/2025/08/21/texas-floods-trumps-cuts-make-capitalisms-climate-crisis-more-devastating/,Socialist Alternative,26.17,-23.8
"“The Trump administration’s Department of Government Efficiency (DOGE) has also significantly reduced the staff, research capacity, and data-sharing capabilities of NOAA, including its ability to provide accurate weather forecasts.”",5,8,6,"Significantly reduced frames the action negatively. Attributes the reduction to a specific, politically charged administration, creating a partisan ""them.""","The Department of Government Efficiency (DOGE) oversaw reductions in NOAA’s staff, research capacity, and data-sharing capabilities, which affected its ability to provide weather forecasts.",2,3,2,https://www.socialistalternative.org/2025/08/21/texas-floods-trumps-cuts-make-capitalisms-climate-crisis-more-devastating/,Socialist Alternative,26.17,-23.8
"“At the Austin/San Antonio forecasting office, DOGE’s layoffs included the elimination of a warning coordination meteorologist, a position critical for coordinating communication between forecasters, emergency managers, and the public.”",4,7,4,"Factual detail framed to show the concrete, negative impact of the previously mentioned cuts. Bias against the decision-makers.","At the Austin/San Antonio forecasting office, recent layoffs included the removal of a warning coordination meteorologist, a role responsible for communication between forecasters, emergency managers, and the public.",2,3,2,https://www.socialistalternative.org/2025/08/21/texas-floods-trumps-cuts-make-capitalisms-climate-crisis-more-devastating/,Socialist Alternative,26.17,-23.8
"“This downsizing is part of a broader privatization effort to turn public services into profit-making schemes, with companies poised to fill the gap often tied to Trump appointees.”",8,9,7,"Profit-making schemes, ""poised to fill the gap"" frame the action as a cynical, corrupt takeover. Creates a ""public vs. private profiteers"" dynamic.","The downsizing is part of a broader effort to privatize certain public services, with some of the companies involved having connections to Trump administration appointees.",3,4,3,https://www.socialistalternative.org/2025/08/21/texas-floods-trumps-cuts-make-capitalisms-climate-crisis-more-devastating/,Socialist Alternative,26.17,-23.8
"“Places like Texas need massive investment in disaster mitigation, wetlands preservation, stormwater drainage systems, levees, dikes, floodwalls, retention and detention basins, and dams and reservoirs.”",3,5,2,"A policy prescription. ""Massive investment"" implies current investment is lacking, showing a bias towards a solution, but with low emotion or divisiveness.","In Texas, proposed infrastructure measures for flood-prone areas include investment in mitigation systems such as wetlands preservation, drainage systems, levees, floodwalls, and reservoirs.",3,4,3,https://www.socialistalternative.org/2025/08/21/texas-floods-trumps-cuts-make-capitalisms-climate-crisis-more-devastating/,Socialist Alternative,26.17,-23.8
"“Just 100 companies account for over 70% of industrial greenhouse gas emissions. Republicans like Trump, Ted Cruz, and Governor Abbott deny climate change, but Democrats are also funded by fossil fuel corporations.”",5,7,6,"Presents a fact and then uses it to frame both parties as culpable, but notably names specific Republicans. Creates a ""people vs. corporations/politicians"" frame.","A 2017 report found that 100 companies produced most industrial greenhouse gas emissions, and political positions on climate policy vary across parties and candidates.",3,4,3,https://www.socialistalternative.org/2025/08/21/texas-floods-trumps-cuts-make-capitalisms-climate-crisis-more-devastating/,Socialist Alternative,26.17,-23.8
"“Time and time again, working-class Texans have experienced the failures of this system—most recently during Hurricane Beryl in 2024, and the 2021 winter power crisis that left millions without electricity.”",7,8,7,"Failures of this system is a broad, charged indictment. Frames ""working-class Texans"" (""us"") against a failed ""system"" (""them"").","Texans have faced several major weather-related emergencies in recent years, including Hurricane Beryl in 2024 and the 2021 winter power crisis that left millions without electricity.",3,4,3,https://www.socialistalternative.org/2025/08/21/texas-floods-trumps-cuts-make-capitalisms-climate-crisis-more-devastating/,Socialist Alternative,26.17,-23.8
"“In a cycle that transformed overnight from predictions of a Democratic bloodbath to widespread Republican despair, the Left has achieved some major victories that shouldn’t be overlooked.”",7,8,7,"Bloodbath, ""despair"" are emotionally charged. Framing is explicitly partisan (Left vs. Republican), celebrating one side's victory over the other's despair.",The recent election cycle shifted from earlier expectations and resulted in several notable gains for progressive candidates.,2,3,2,http://inthesetimes.com/article/midterm-election-bernie-sanders-squad-left-progressive-ballot-measures,In These Times,33.27,-18.09
"“The major top-line success for the Left this election is the addition of several new insurgent candidates who, like ‘the Squad’ of 2018, were backed by progressive outside groups such as the Working Families Party and Justice Democrats.”",4,5,4,"Factual reporting on election results. ""Insurgent"" carries a slight charged connotation but is a common political term. Low on the scales.",This election included several candidates supported by progressive organizations such as the Working Families Party and Justice Democrats.,2,3,2,http://inthesetimes.com/article/midterm-election-bernie-sanders-squad-left-progressive-ballot-measures,In These Times,33.27,-18.09
"“Greg Casar, a three-term Austin City Council member, successfully led the push to raise city workers’ minimum wage, outlaw jobseekers’ criminal history disclosure requirements, and mandate paid sick leave.”",2,3,1,"A neutral, positive description of a politician's achievements. Minimal emotion, bias, or divisiveness.","Greg Casar, a three-term Austin City Council member, supported measures including raising the city worker minimum wage, restricting the use of criminal history in hiring, and requiring paid sick leave.",2,3,2,http://inthesetimes.com/article/midterm-election-bernie-sanders-squad-left-progressive-ballot-measures,In These Times,33.27,-18.09
"“Delia Ramirez in Illinois championed affordable housing, emergency housing assistance, statewide abortion rights, and Medicaid expansion to undocumented immigrants, marking her as a left-wing policymaker with tangible achievements.”",2,3,1,A neutral listing of policy positions and a positive conclusion.,"Delia Ramirez in Illinois supported policies including affordable housing, emergency housing assistance, statewide abortion rights, and Medicaid expansion to undocumented immigrants.",2,3,2,http://inthesetimes.com/article/midterm-election-bernie-sanders-squad-left-progressive-ballot-measures,In These Times,33.27,-18.09
"“Summer Lee became the first Black woman to represent Pennsylvania in Congress, focusing on eviction moratoriums, police reform, and using her platform to push progressive legislation despite GOP control of the statehouse.”",3,4,3,"Factual with a slight framing of fighting against an obstacle (""GOP control""). Very low on emotion and high divisiveness.","Summer Lee became the first Black woman to represent Pennsylvania in Congress, and her stated priorities include housing and police reform.",2,3,2,http://inthesetimes.com/article/midterm-election-bernie-sanders-squad-left-progressive-ballot-measures,In These Times,33.27,-18.09
"“Senator-elect John Fetterman in Pennsylvania ran a populist campaign, supporting sentencing reform, marijuana legalization, universal health care, a $15 minimum wage, and raising taxes on the wealthy.”",2,3,2,"Neutral listing of campaign platforms. ""Populist"" is a descriptor, not inherently charged here.","John Fetterman’s campaign platform included sentencing reform, marijuana legalization, universal health care, a $15 minimum wage, and higher taxes on high incomes.",2,3,2,http://inthesetimes.com/article/midterm-election-bernie-sanders-squad-left-progressive-ballot-measures,In These Times,33.27,-18.09
"“Democratic Socialists of America saw sixteen of its thirty endorsed candidates win, including local officials in Los Angeles, Wisconsin, Colorado, New York, Maryland, and Illinois, focusing on housing, police accountability, and social services.”",2,3,2,"A neutral, factual election result summary.","Sixteen of thirty candidates endorsed by the Democratic Socialists of America won their elections, focusing on issues such as housing, police accountability, and social services.",2,3,2,http://inthesetimes.com/article/midterm-election-bernie-sanders-squad-left-progressive-ballot-measures,In These Times,33.27,-18.09
"“Progressive ballot measures saw mixed results, but notable wins included tipped-worker wage reforms in DC, abortion rights protections in Montana and Kentucky, and the Illinois Workers’ Rights Amendment.”",2,3,2,Neutral reporting.,"Several ballot measures passed, including wage reforms in DC, abortion rights measures in Montana and Kentucky, and a workers' rights amendment in Illinois.",1,2,1,http://inthesetimes.com/article/midterm-election-bernie-sanders-squad-left-progressive-ballot-measures,In These Times,33.27,-18.09
"“Voters in red states also backed progressive policies: South Dakota approved Medicaid expansion, Nebraska raised its minimum wage to $15, Nevada raised its minimum wage to $12, and recreational marijuana legalization passed in Missouri and Maryland.”",2,3,2,"Neutral reporting of policy outcomes, highlighting bipartisan support for progressive ideas. Actually reduces ""us-vs-them"" by showing cross-party appeal.","Voters in several states approved measures including Medicaid expansion in South Dakota, minimum wage increases in Nebraska and Nevada, and marijuana legalization in Missouri and Maryland.",1,2,1,http://inthesetimes.com/article/midterm-election-bernie-sanders-squad-left-progressive-ballot-measures,In These Times,33.27,-18.09
"“Progressive prosecutors won in multiple jurisdictions, including Polk County, Dallas, San Antonio, Indianapolis, Oklahoma City, and Minneapolis, advancing police accountability and noncarceral approaches for nonviolent offenses.”",2,4,3,"Neutral reporting. The description of their agenda (""noncarceral approaches"") is factual, not charged.",Prosecutors emphasizing police accountability and alternatives to incarceration for nonviolent offenses were elected in multiple jurisdictions.,1,2,1,http://inthesetimes.com/article/midterm-election-bernie-sanders-squad-left-progressive-ballot-measures,In These Times,33.27,-18.09
"“Some left-wing victories came at the expense of Palestinian justice, as candidates like Fetterman, Casar, and Frost moderated their positions on Israel to avoid opposition spending from pro-Israel groups.”",5,6,5,"At the expense of frames a trade-off negatively. Identifies a specific pressure group (""them"") that influenced the candidates, creating a mild ""us-vs-them"" on this issue.",Some candidates adjusted their public positions on foreign policy during their campaigns.,1,2,1,http://inthesetimes.com/article/midterm-election-bernie-sanders-squad-left-progressive-ballot-measures,In These Times,33.27,-18.09
"“With House and Senate Republicans still struggling to find consensus on a budget reconciliation bill extending and expanding Trump-era tax cuts, Representative Jason Smith made a surprising statement on May 4 about eliminating loopholes to help working-class Americans.”",3,5,3,"Factual setup. ""Struggling"" and ""surprising"" frame the situation as unstable and the statement as unexpected, indicating a mild bias.","Congressional Republicans are negotiating a budget reconciliation bill, and on May 4 Representative Jason Smith discussed the possibility of eliminating certain tax provisions.",1,2,1,https://washingtonmonthly.com/2025/05/06/this-republican-just-cracked-the-doors-open-to-higher-taxes-on-the-wealthy-or-did-he/,Washington Monthly,35.78,-12.08
"“Smith said, ‘There’s no problem to eliminate loopholes that the wealthy have benefited from to make sure that working-class Americans aren’t paying taxes on tips, seniors are having reduced taxes on their Social Security, and we’re not paying taxes on overtime.’”",2,3,3,A direct quote from a politician. The language within the quote is populist but reporting it is neutral.,"Representative Jason Smith said, “There’s no problem to eliminate loopholes … to make sure that working-class Americans aren’t paying taxes on tips, seniors have reduced taxes on Social Security, and overtime isn’t taxed.”",1,2,1,https://washingtonmonthly.com/2025/05/06/this-republican-just-cracked-the-doors-open-to-higher-taxes-on-the-wealthy-or-did-he/,Washington Monthly,35.78,-12.08
"“Senior Trump administration officials remain interested in a variety of tax provisions, including potential rate increases for wealthy Americans, despite Trump’s past opposition to such hikes.”",2,3,2,Factual reporting on internal policy discussions.,"Some senior officials in the Trump administration are discussing various tax provisions, including possible rate changes for higher-income Americans, a topic that Trump has previously opposed.",2,3,2,https://washingtonmonthly.com/2025/05/06/this-republican-just-cracked-the-doors-open-to-higher-taxes-on-the-wealthy-or-did-he/,Washington Monthly,35.78,-12.08
"“Whether Republicans will support higher taxes on the wealthy remains uncertain, with House Speaker Mike Johnson continuing to oppose them, while some populist figures like Vice President J.D. Vance back selective increases.”",2,3,3,Neutral reporting on internal party divisions.,"It is unclear whether Republicans will support higher taxes on high-income households, as viewpoints within the party differ.",2,3,2,https://washingtonmonthly.com/2025/05/06/this-republican-just-cracked-the-doors-open-to-higher-taxes-on-the-wealthy-or-did-he/,Washington Monthly,35.78,-12.08
"“Smith’s framing is populist, designed to deflect Democratic criticism that GOP tax bills favor millionaires, echoing Steve Bannon’s advice that taxing the wealthy politically undercuts Democratic messaging.”",4,6,6,"Analysis of political strategy. ""Designed to deflect"" frames the statement as cynical and tactical rather than principled, creating a partisan ""us-vs-them"" framing.",Smith’s remarks have been described as part of a strategic response to criticism that GOP tax proposals benefit high-income households.,2,3,2,https://washingtonmonthly.com/2025/05/06/this-republican-just-cracked-the-doors-open-to-higher-taxes-on-the-wealthy-or-did-he/,Washington Monthly,35.78,-12.08
"“A tax bill that increases taxes on the wealthy while reducing them for working-class households would resemble a Democratic approach more than a traditional Republican one, leaving Democrats without their usual critiques.”",2,5,4,"Analytical framing comparing party platforms. Low emotion, but clear political ""us-vs-them"" context.",A tax bill that raises taxes on high-income households and lowers them for working-class households would differ from past Republican approaches and could change typical lines of critique.,2,3,2,https://washingtonmonthly.com/2025/05/06/this-republican-just-cracked-the-doors-open-to-higher-taxes-on-the-wealthy-or-did-he/,Washington Monthly,35.78,-12.08
"“The distribution of benefits matters: eliminating taxes on tips, Social Security, and overtime primarily helps upper-middle-class households, with lower-income households gaining relatively little due to the progressive tax structure.”",2,4,3,Factual economic analysis. Neutral tone.,"The distribution of benefits varies: removing taxes on tips, Social Security, and overtime would have different effects across income groups due to the structure of the tax system.",2,3,2,https://washingtonmonthly.com/2025/05/06/this-republican-just-cracked-the-doors-open-to-higher-taxes-on-the-wealthy-or-did-he/,Washington Monthly,35.78,-12.08
"“Estimates show that in 2026, removing Social Security taxes would give the bottom 20 percent $0, the next-lowest quintile $15, and the top one percent $2,205, with the top 0.1 percent getting $2,450.”",1,2,1,"Pure data presentation. No emotion, minimal framing bias.","Estimates for 2026 indicate that removing Social Security taxes would provide $0 to the bottom 20 percent, $15 to the next quintile, $2,205 to the top one percent, and $2,450 to the top 0.1 percent.",1,2,1,https://washingtonmonthly.com/2025/05/06/this-republican-just-cracked-the-doors-open-to-higher-taxes-on-the-wealthy-or-did-he/,Washington Monthly,35.78,-12.08
"“Overtime and tip exemptions similarly favor higher earners: the bottom 20 percent might receive $10 (overtime) and $730 (tips), while the top 20 percent could see $1,480 and $7,170, respectively.”",1,2,1,Pure data presentation.,"Estimates suggest that removing taxes on overtime and tips would provide about $10 and $730 to the bottom 20 percent, while the top 20 percent could receive about $1,480 and $7,170.",1,2,1,https://washingtonmonthly.com/2025/05/06/this-republican-just-cracked-the-doors-open-to-higher-taxes-on-the-wealthy-or-did-he/,Washington Monthly,35.78,-12.08
"“Trump’s regressive tariffs could offset any working-class gains from the tax changes, as consumer costs on goods increase regardless of income bracket.”",5,7,5,"Regressive tariffs is a charged, value-laden term. Frames the policy as ultimately harmful to the working class, creating a ""people vs. policy"" dynamic.",Tariffs could reduce the effect of tax changes by increasing consumer prices across income groups.,1,2,1,https://washingtonmonthly.com/2025/05/06/this-republican-just-cracked-the-doors-open-to-higher-taxes-on-the-wealthy-or-did-he/,Washington Monthly,35.78,-12.08
"“Smith emphasized urgency, warning that failure to pass the bill could mean a 22 percent tax increase for all Americans, highlighting the political pressure to reach a compromise.”",4,5,3,"Reports a political warning. ""Urgency"" and the specific number frame the stakes, showing a mild bias towards action.",Smith said that not passing the bill could result in a 22 percent tax increase for all Americans and noted that lawmakers are discussing possible compromises.,2,3,2,https://washingtonmonthly.com/2025/05/06/this-republican-just-cracked-the-doors-open-to-higher-taxes-on-the-wealthy-or-did-he/,Washington Monthly,35.78,-12.08
"“Negotiations remain fragile, balancing demands for severe spending cuts from fiscal hawks with swing-district political concerns, making the final impact on wealthy taxpayers dependent on the bill’s fine print.”",2,4,3,"Neutral analysis of the legislative process. ""Severe spending cuts"" is a common descriptor.","Negotiations are ongoing, balancing demands for spending reductions with political considerations in swing districts, and the final effect on high-income taxpayers will depend on the bill’s details.",2,3,2,https://washingtonmonthly.com/2025/05/06/this-republican-just-cracked-the-doors-open-to-higher-taxes-on-the-wealthy-or-did-he/,Washington Monthly,35.78,-12.08
"“The Democratic Party’s standing in public opinion polls has sunk to its lowest point in more than 30 years. Many of the party’s own voters think their leaders aren’t fighting hard enough against President Trump. In one survey, the words they used most often were ‘weak’ and ‘tepid.’”",6,6,4,"Reports negative poll data. ""Sunk,"" ""weak,"" ""tepid"" are charged words, but they are attributed to voters, not the author. Framing is of a party in crisis.","Recent public opinion polls show low support for the Democratic Party, with some voters describing their leaders as not assertive enough against President Trump.",2,3,2,https://www.latimes.com/politics/story/2025-08-31/democrats-midterms-2028-trump-analysis,Los Angeles Times,42.77,-6.26
"“‘The party is in shambles,’ said James Carville, the political strategist who helped Bill Clinton win the White House after a similar bout of disarray a generation ago.”",7,5,3,"Quotes a strategist using highly charged language (""shambles,"" ""disarray""). The emotional charge is in the quote, not the author's text.","James Carville, the political strategist who helped Bill Clinton win the White House a generation ago, described the current state of the party as disorganized.",2,3,2,https://www.latimes.com/politics/story/2025-08-31/democrats-midterms-2028-trump-analysis,Los Angeles Times,42.77,-6.26
"“Its brand is still unpopular, but its chances of winning next year’s congressional elections appear to be growing; in recent polls, the share of voters saying they plan to vote Democratic has reached a roughly 5% lead over the GOP.”",3,4,4,Presents a paradox (unpopular but winning). Framing is analytical and political.,"The Democratic Party’s brand remains unpopular, but recent polls show it leading the GOP by about 5% in voter preference for next year’s congressional elections.",2,3,2,https://www.latimes.com/politics/story/2025-08-31/democrats-midterms-2028-trump-analysis,Los Angeles Times,42.77,-6.26
"“‘There’s no requirement that people love the Democratic Party in order to vote for it,’ Republican pollster Patrick Ruffini said last week. ‘In an era of negative partisanship, people are motivated to vote more by dislike of the other party than by love for their own.’”",3,5,8,"A quote that perfectly defines ""us-vs-them"" politics (negative partisanship). The analysis itself is divisive, though the reporting of it is neutral.",Republican pollster Patrick Ruffini noted that voters are often motivated more by dislike of the opposing party than by support for their own.,2,3,2,https://www.latimes.com/politics/story/2025-08-31/democrats-midterms-2028-trump-analysis,Los Angeles Times,42.77,-6.26
"“‘The talent level in the current Democratic Party is the highest I’ve ever seen,’ he said. ‘Whoever comes out on top of that competition is going to be a pretty strong candidate.’”",2,3,1,A positive quote from a Republican about Democrats. Lowers divisiveness.,"Patrick Ruffini also said, “The talent level in the current Democratic Party is the highest I’ve ever seen. Whoever comes out on top of that competition is going to be a strong candidate.”",1,2,1,https://www.latimes.com/politics/story/2025-08-31/democrats-midterms-2028-trump-analysis,Los Angeles Times,42.77,-6.26
"“For one, Trump has pressed Texas and other Republican-led states to redraw congressional maps to cement GOP control of the House of Representatives — an effort that could succeed despite Newsom’s attempt to counter it in California.”",4,6,6,Cement GOP control frames the action as anti-democratic. Sets up a partisan battle (GOP vs. Newsom/Dems).,"“Trump has encouraged Texas and other Republican-led states to revise congressional maps, which could affect the balance of seats in the House of Representatives, while Newsom has taken related action in California.”",1,2,1,https://www.latimes.com/politics/story/2025-08-31/democrats-midterms-2028-trump-analysis,Los Angeles Times,42.77,-6.26
"“‘We have to do well in 2026 to demonstrate we’re not so toxic that people won’t vote for us anymore,’ said Doug Sosnik, another former Clinton aide.”",5,5,5,"A quote using the charged word ""toxic"" to describe the party's brand. Reinforces the ""us-vs-them"" frame where ""they"" see ""us"" as toxic.","Doug Sosnik said, “We need to perform well in 2026 to show that voters continue to support the party.”",1,2,1,https://www.latimes.com/politics/story/2025-08-31/democrats-midterms-2028-trump-analysis,Los Angeles Times,42.77,-6.26
"“‘We’ve found our footing. We’ve gone on the offensive,’ argued Rep. Ro Khanna (D-Fremont), who spent most of the summer campaigning across the country. ‘Trump’s cuts to Medicaid and tax breaks for billionaires have given us a message we can unite around.’”",5,7,8,"Gone on the offensive and the description of Trump's policies are framed to create a clear enemy (""them"") and a unifying message for ""us.""","Rep. Ro Khanna said, “We’ve found our footing and campaigned across the country. Policy changes to Medicaid and tax provisions provide issues we can focus on in our messaging.”",1,2,1,https://www.latimes.com/politics/story/2025-08-31/democrats-midterms-2028-trump-analysis,Los Angeles Times,42.77,-6.26
"“‘The most important task of the Democratic Party is to organize … the most robust debate Democrats have had in a generation,’ said William A. Galston of the Brookings Institution, a former Clinton aide who argues that the party needs to move to the center.”",2,4,3,A neutral quote advocating for internal debate and a strategic shift.,Analyst William A. Galston argued that the party's most important task is to organize a robust internal debate.,2,3,2,https://www.latimes.com/politics/story/2025-08-31/democrats-midterms-2028-trump-analysis,Los Angeles Times,42.77,-6.26
"“Most Democrats also agree that they need to focus on a positive message on economic issues such as the cost of living — to use this year’s buzzword, ‘affordability.’ But they differ on the specifics.”",2,3,2,Neutral reporting on party strategy.,"Many Democrats say they plan to emphasize economic issues, including the cost of living and affordability, but they express different views on how to do so.",2,3,2,https://www.latimes.com/politics/story/2025-08-31/democrats-midterms-2028-trump-analysis,Los Angeles Times,42.77,-6.26
"“Progressives like Sen. Bernie Sanders (I-Vt.) and Rep. Alexandria Ocasio-Cortez (D-N.Y.) have focused on ‘fighting oligarchy,’ including higher taxes on the wealthy and government-run health insurance.”",4,6,6,"Fighting oligarchy is a charged, populist phrase that frames the economic debate as a battle against a powerful ""them"" (the oligarchy).","Senators and Representatives, including Bernie Sanders and Alexandria Ocasio-Cortez, have advocated for higher taxes on high-income households and expanded government health insurance programs.",2,3,2,https://www.latimes.com/politics/story/2025-08-31/democrats-midterms-2028-trump-analysis,Los Angeles Times,42.77,-6.26
“A sharper debate has opened over social and cultural issues: Should Democrats break with the identity politics — the stuff Republicans deride as ‘woke’ — that animates much of their progressive wing? Moderate Democrats argue that ‘wokeness’ has alienated voters in the center and made it impossible to win presidential elections.”,5,6,7,"Reports an internal debate but uses the politically charged term ""woke"" (and ""deride""). Framing is inherently about divisive cultural politics and alienating a center ""them.""",A debate has emerged within the Democratic Party over social and cultural issues. Some moderate Democrats argue that certain progressive priorities may be affecting the party’s appeal to centrist voters and could influence the outcome of presidential elections,2,3,2,https://www.latimes.com/politics/story/2025-08-31/democrats-midterms-2028-trump-analysis,Los Angeles Times,42.77,-6.26
"“Pre-K-12 teachers made up 3.4% of the workforce in 2024, according to the Bureau of Labor Statistics. Demographically, teachers are more likely to be white, a woman, and in their 40s.”",1,1,1,"Pure, neutral demographic data.","In 2024, Pre-K-12 teachers comprised 3.4% of the workforce. They are more likely to be white, female, and in their 40s.",1,2,1,https://usafacts.org/articles/who-are-the-nations-teachers/,USA Facts,50.25,-0.05
"“In 2022, teachers ages 30 to 49 made up over half the teaching workforce. Teachers in their 40s made up most of the teaching pool (26.1%), followed closely by those in their 30s at 25.4%.”",1,1,1,"Pure, neutral demographic data.","In 2022, teachers aged 30 to 49 made up over half of the teaching workforce, with 26.1% in their 40s and 25.4% in their 30s.",1,2,1,https://usafacts.org/articles/who-are-the-nations-teachers/,USA Facts,50.25,-0.05
"“Teachers in their 50s (20.4%) outnumbered those in their 20s (18.4%). Those 60 and older were 9.7% of teachers, the smallest age group.”",1,1,1,"Pure, neutral demographic data.","Teachers in their 50s accounted for 20.4% of the workforce, those in their 20s 18.4%, and teachers 60 and older 9.7%, the smallest age group.",1,2,1,https://usafacts.org/articles/who-are-the-nations-teachers/,USA Facts,50.25,-0.05
"“In 2022, just over seven in 10 teachers (71.7%) were white. Hispanic teachers made up 11.6% of the workforce, and Black teachers were 9.4%. The remaining 7.3% included teachers of two or more races, Asians, and other groups.”",1,1,1,"Pure, neutral demographic data.","In 2022, 71.7% of teachers were white, 11.6% Hispanic, 9.4% Black, and 7.3% were of two or more races, Asian, or other groups.",1,2,1,https://usafacts.org/articles/who-are-the-nations-teachers/,USA Facts,50.25,-0.05
"“White and multiracial teachers are represented disproportionately, comprising a larger share of the teaching workforce than of the general population. Hispanic, Black, Asian, Native American, and Pacific Islander teachers made up smaller shares.”",1,3,2,"Analytical fact. ""Disproportionately"" is a neutral statistical term here. Very low charge.","White and multiracial teachers make up a larger proportion of the teaching workforce than they do of the general population. Hispanic, Black, Asian, Native American, and Pacific Islander teachers make up smaller proportions.",1,2,1,https://usafacts.org/articles/who-are-the-nations-teachers/,USA Facts,50.25,-0.05
"“As of 2024, around 70% of teachers in pre-K through secondary schools were white. Secondary schools had the biggest share of white teachers, with 86.2%. Black and Hispanic teachers were most represented in preschool and kindergarten.”",1,1,1,"Pure, neutral demographic data.","As of 2024, about 70% of pre-K through secondary school teachers were white. Secondary schools had the highest share of white teachers at 86.2%, while Black and Hispanic teachers were most represented in preschool and kindergarten.",1,2,1,https://usafacts.org/articles/who-are-the-nations-teachers/,USA Facts,50.25,-0.05
"“White teachers made up a smaller share of educators in preschools and kindergartens (69.1%). Black teachers and Hispanic teachers were least represented in secondary schools, and Asian teachers in special education.”",1,1,1,"Pure, neutral demographic data.","White teachers made up 69.1% of educators in preschools and kindergartens. Black and Hispanic teachers were least represented in secondary schools, and Asian teachers were most represented in special education.",1,2,1,https://usafacts.org/articles/who-are-the-nations-teachers/,USA Facts,50.25,-0.05
"“Among teachers working in elementary, middle, and high schools, annual pay varies by the grade level taught.”",1,1,1,Neutral statement of fact.,"Among teachers in elementary, middle, and high schools, annual pay varies by grade level taught.",1,2,1,https://usafacts.org/articles/who-are-the-nations-teachers/,USA Facts,50.25,-0.05
"“In 2022, nearly eight in 10 teachers at all levels—pre-K through 12th grade and special education—were women. Women are much more represented in education than in the workforce generally, where they were 46.8% that same year.”",1,1,1,"Pure, neutral demographic data.","In 2022, nearly 80% of teachers at all levels were women, compared with 46.8% of women in the workforce overall.",2,3,2,https://usafacts.org/articles/who-are-the-nations-teachers/,USA Facts,50.25,-0.05
"“The share of male teachers increases as student age rises. At the earliest levels of education, preschool and kindergarten, 2.5% of teachers were men. This rose to nearly 20% in elementary and middle school, and just over 40% in secondary school.”",1,1,1,"Pure, neutral demographic data.","The share of male teachers rises with student age: 2.5% in preschool and kindergarten, nearly 20% in elementary and middle school, and just over 40% in secondary school.",2,3,2,https://usafacts.org/articles/who-are-the-nations-teachers/,USA Facts,50.25,-0.05
“Two attorneys who defended the Riverside County couple who made worldwide headlines after being accused of neglecting and abusing 12 of their 13 children are now heading up the defense of a different county couple who have received similar attention in a case in which the husband and wife are accused of killing their missing 7-month-old son.”,4,4,2,"Factual but connects two high-profile, emotionally charged cases. The language is from legal filings (""accused""), maintaining neutrality.","""Two attorneys who previously represented a Riverside County couple in a child neglect and abuse case are now representing another couple in a separate case involving allegations that they are responsible for the death of their missing 7-month-old son.""",2,3,2,https://www.ocregister.com/2025/08/29/2-of-turpins-attorneys-now-defending-haros-against-charges-they-murdered-7-month-old-emmanuel/,The Orange County Register,40.58,5.43
"“The Haros are due at the Riverside County Hall of Justice in Riverside on Sept. 4 to enter pleas to charges of murder and filing a false police report. Emmanuel remained missing on Friday, Aug. 29, the San Bernardino County Sheriff’s Department said.”",3,2,1,"Straightforward court reporting. The fact a baby is ""missing"" in a murder case carries inherent emotional weight.","The Haros are scheduled to appear at the Riverside County Hall of Justice on Sept. 4 to enter pleas on charges of murder and filing a false police report. Emmanuel remained missing as of Aug. 29, according to the San Bernardino County Sheriff’s Department.",2,3,2,https://www.ocregister.com/2025/08/29/2-of-turpins-attorneys-now-defending-haros-against-charges-they-murdered-7-month-old-emmanuel/,The Orange County Register,40.58,5.43
“Rebecca Haro told investigators that a man knocked her unconscious as she changed Emmanuel’s diaper and snatched the boy in the parking lot of a Big 5 on Aug. 14. The couple pleaded for the boy’s return during media interviews. Prosecutors say it was all a hoax and that they believe Emmanuel died from long-term abuse.”,7,5,2,"Presents both the defendants' story and the prosecutors' counter-claim. The content (child abduction, hoax, abuse) is highly emotionally charged, but the reporting is balanced.",Rebecca Haro told investigators that a man knocked her unconscious and took Emmanuel on Aug. 14. Prosecutors claim the incident was a hoax and believe Emmanuel died from long-term abuse.,1,2,1,https://www.ocregister.com/2025/08/29/2-of-turpins-attorneys-now-defending-haros-against-charges-they-murdered-7-month-old-emmanuel/,The Orange County Register,40.58,5.43
"“The parents of a 7-month-old baby who was allegedly kidnapped as his mum changed his nappy in the US have been charged with the little boy’s murder,” the Sydney, Australia-based News.com.au website reported. on Thursday.",6,4,1,"Reports how another outlet framed the story. ""Little boy’s murder"" is charged language, but it's attributed.",News.com.au reported that the parents of a 7-month-old baby allegedly kidnapped in the US have been charged with his murder.,1,2,1,https://www.ocregister.com/2025/08/29/2-of-turpins-attorneys-now-defending-haros-against-charges-they-murdered-7-month-old-emmanuel/,The Orange County Register,40.58,5.43
"“David and Louise Turpin of Perris received similar coverage of their case, which began with the filing of 88 charges each against them. Allison Lowe and David Macher from the Riverside County Public Defender’s Office represented David Turpin, and court-appointed attorney Jeff Moore from the Blumenthal & Moore law offices in Riverside represented Louise Turpin.”",3,2,1,Factual background on the previous case and legal representation.,"David and Louise Turpin of Perris received similar coverage. Allison Lowe and David Macher represented David Turpin, and Jeff Moore represented Louise Turpin.",1,2,1,https://www.ocregister.com/2025/08/29/2-of-turpins-attorneys-now-defending-haros-against-charges-they-murdered-7-month-old-emmanuel/,The Orange County Register,40.58,5.43
“The Turpins each eventually pleaded guilty to 14 felony charges and were sentenced to 25 years to life in state prison in 2019.”,2,1,1,Factual case outcome.,The Turpins eventually pleaded guilty to 14 felony charges each and were sentenced to 25 years to life in state prison in 2019.,2,3,2,https://www.ocregister.com/2025/08/29/2-of-turpins-attorneys-now-defending-haros-against-charges-they-murdered-7-month-old-emmanuel/,The Orange County Register,40.58,5.43
“Lowe and Paulette Garthwaite are heading Jake Haro’s defense team. Moore is representing Rebecca Haro. All three have at least 20 years of trial experience.”,1,1,1,Factual information on legal teams.,Lowe and Paulette Garthwaite are representing Jake Haro. Moore is representing Rebecca Haro. All three attorneys have at least 20 years of trial experience.,2,3,2,https://www.ocregister.com/2025/08/29/2-of-turpins-attorneys-now-defending-haros-against-charges-they-murdered-7-month-old-emmanuel/,The Orange County Register,40.58,5.43
"“‘Everybody involved is excellent,’ Graham Donath, president of the Riverside County Criminal Defense Bar Association, said Friday. Donath said he has known all three for years. ‘Every person has handled very serious, high-profile cases, handled serious homicides.’”",2,3,1,A positive quote about the attorneys' qualifications.,"Graham Donath, president of the Riverside County Criminal Defense Bar Association, said Friday that all three attorneys are highly experienced in serious, high-profile cases, including homicides.",2,3,2,https://www.ocregister.com/2025/08/29/2-of-turpins-attorneys-now-defending-haros-against-charges-they-murdered-7-month-old-emmanuel/,The Orange County Register,40.58,5.43
"“Assistant District Attorney Brandon Smith has tried almost every type of case — more than 100 in all — in his 20-plus years at the DA’s Office, said John Hall, a spokesman for DA Mike Hestrin. Those include cases brought forth by the Sexual Assault & Trial Abuse, Gang and Homicide units.”",2,2,1,Factual background on the prosecutor.,"John Hall, a spokesman for DA Mike Hestrin, said Assistant District Attorney Brandon Smith has handled more than 100 cases over 20-plus years, including cases from the Sexual Assault & Trial Abuse, Gang, and Homicide units.",2,3,2,https://www.ocregister.com/2025/08/29/2-of-turpins-attorneys-now-defending-haros-against-charges-they-murdered-7-month-old-emmanuel/,The Orange County Register,40.58,5.43
"“In the Turpin case, Facebook groups sprang up in which followers of the drama — including many people from outside the United States — freely offered opinions about the couple’s culpability, David’s haircut and the children.”",4,4,2,"Describes public reaction to a past case. ""Drama"" slightly trivializes the situation, but it's a descriptor of the online activity.","In the Turpin case, Facebook groups formed in which people, including international users, shared opinions about the couple’s culpability, David’s haircut, and the children.",2,3,2,https://www.ocregister.com/2025/08/29/2-of-turpins-attorneys-now-defending-haros-against-charges-they-murdered-7-month-old-emmanuel/,The Orange County Register,40.58,5.43
"“But amateur sleuths, armed with cell phone cameras, TikTok accounts and a love of juicy rumors with little appetite to confirm them, have taken the social media interest in the Haros and little Emmanuel to an exponentially higher level. Other posts hurl venom at the Haros.”",8,7,4,"Amateur sleuths, ""love of juicy rumors,"" ""hurl venom"" are highly charged and frame social media activity as irresponsible and malicious. High emotional language.","Some social media users, using cell phone cameras and TikTok accounts, have increased online attention toward the Haros and Emmanuel. Other posts include negative comments directed at the Haros.",2,3,2,https://www.ocregister.com/2025/08/29/2-of-turpins-attorneys-now-defending-haros-against-charges-they-murdered-7-month-old-emmanuel/,The Orange County Register,40.58,5.43
"“A Canadian Muslim convert, Abdul Aziz Qawam, attacked a man with a knife at a bus stop after asking if he was Muslim and receiving a ‘no.’ Qawam then boarded a bus and attempted to slash the victim’s throat, injuring his vocal cords.”",7,4,5,"Factual description of a violent, religiously-motivated attack. The facts themselves are highly emotionally charged and inherently create an ""us-vs-them"" based on religion.",Abdul Aziz Qawam was charged after an attack at a bus stop and on a bus that left a victim injured.,1,2,1,https://www.rebelnews.com/muslim_convert_attacks_canadian_after_asking_if_he_was_muslim,Rebel News,27.12,12.09
"“Qawam had pledged allegiance to ISIS and had radicalization videos on his computer, having been searching for non-Muslims to kill for the terror group.”",8,5,7,"Provides motive, confirming the religious ""us-vs-them"" framing. ""Terror group"" is a charged but accurate term. High emotion due to content.","Qawam had pledged allegiance to ISIS and had videos on his computer related to radicalization, and had been searching for non-Muslims to target for the group.",1,2,1,https://www.rebelnews.com/muslim_convert_attacks_canadian_after_asking_if_he_was_muslim,Rebel News,27.12,12.09
"“This incident highlights a growing issue of radicalization in Canada, with concerns raised about the lack of government action against groups like the IRGC and ‘hate speech’ in mosques.”",6,7,6,"Moves from the specific event to a broader, charged conclusion (""growing issue,"" ""lack of government action""). Frames the government as part of the problem.",A recent incident involved individuals in Canada linked to radical ideologies. Authorities have noted some concerns regarding activities in certain community locations.,1,2,1,https://www.rebelnews.com/muslim_convert_attacks_canadian_after_asking_if_he_was_muslim,Rebel News,27.12,12.09
“There are instances of individuals with ties to terrorism being granted Canadian citizenship.”,5,6,5,"A broad, unattributed claim that frames immigration/citizenship policy as a security problem.",Some individuals with connections to terrorist organizations have obtained Canadian citizenship.,2,3,2,https://www.rebelnews.com/muslim_convert_attacks_canadian_after_asking_if_he_was_muslim,Rebel News,27.12,12.09
"“The speakers expressed outrage at the mainstream media’s lack of attention to such incidents, contrasting it with the extensive coverage that would occur if the perpetrator were a ‘white supremacist.’”",7,8,8,"Quotes ""speakers"" expressing a charged opinion about media bias. This frames the media as a biased ""them"" applying a double standard.","The speakers noted that some incidents receive limited attention from mainstream media, and suggested that similar events might receive more coverage if the perpetrator were identified as a ‘white supremacist.’",2,3,2,https://www.rebelnews.com/muslim_convert_attacks_canadian_after_asking_if_he_was_muslim,Rebel News,27.12,12.09
"“They believe Canadians are becoming desensitized to violence, which is occurring more frequently in public spaces, leading to a focus on self-defence.”",6,6,3,"Reports a belief about public desensitization. The content is concerning, but the reporting is neutral.","Some observers note that Canadians perceive increasing instances of violence in public spaces, prompting greater attention to personal safety measures.",2,3,2,https://www.rebelnews.com/muslim_convert_attacks_canadian_after_asking_if_he_was_muslim,Rebel News,27.12,12.09
"“The speakers also note a decline in safety in Canada over the past decade, particularly in areas like Surrey, and warn about the dangers of radicalization targeting youth.”",6,6,4,"Reports a subjective opinion (""decline in safety"") as fact. Framing is negative and fearful.","Speakers mentioned concerns about public safety trends over the past decade in certain areas, including potential radicalization affecting youth.",2,3,2,https://www.rebelnews.com/muslim_convert_attacks_canadian_after_asking_if_he_was_muslim,Rebel News,27.12,12.09
“They conclude by noting that this type of attack (asking if someone is Muslim and then attacking them) has happened before.”,5,5,5,"Reinforces the pattern of religiously-motivated attacks, sustaining the ""us-vs-them"" frame.","Similar attacks, in which individuals were targeted based on their religion, have occurred previously.",1,2,1,https://www.rebelnews.com/muslim_convert_attacks_canadian_after_asking_if_he_was_muslim,Rebel News,27.12,12.09
“Authorities are misdirecting public attention by labeling ‘traditional views’ as the new extremism.”,8,9,8,"A highly charged, unattributed accusation against ""authorities"" (""them""), claiming they are deliberately misleading the public and targeting a specific group (""traditional views"").",Some commentators expressed concern that labeling certain views as extremism could misrepresent them.,1,2,1,https://www.rebelnews.com/muslim_convert_attacks_canadian_after_asking_if_he_was_muslim,Rebel News,27.12,12.09
“This case has renewed calls for stronger measures against radicalization and greater scrutiny of extremist influences within Canada.”,4,5,4,A neutral statement about policy reactions to an event.,This case has prompted discussions about measures addressing radicalization and monitoring extremist influences in Canada.,1,2,1,https://www.rebelnews.com/muslim_convert_attacks_canadian_after_asking_if_he_was_muslim,Rebel News,27.12,12.09
"You won’t hear it from the corporate media, but former Vice President Kamala Harris has already had a longer Secret Service detail than other former vice presidents. President Donald Trump ended that on Friday before she could leech more American taxpayer dollars on a multi-city book tour to talk about her failed presidential campaign.",10,10,9,"Extreme emotional language (""you won't hear it,"" ""corporate media,"" ""leech more American taxpayer dollars,"" ""failed""). Strong ""us-vs-them"": the author/reader vs. corporate media, Harris, and her supporters.","Former vice presidents are provided with Secret Service protection for a standard duration, with Harris receiving the same consideration.",2,3,2,https://thefederalist.com/2025/08/29/americans-shouldnt-have-to-pay-for-secret-service-to-follow-kamala-around-on-her-book-tour/,The Fedralist,21.66,18.37
"Former vice presidents are entitled to six months of Secret Service protection after they leave office. For Harris’ husband, Doug Emhoff, that ended July 21 just like hers was supposed to. But former President Joe Biden (or an autopen) quietly signed an order extending Harris’ detail to 18 months, for reasons unknown.",7,9,6,"Presents facts but frames them negatively (""quietly signed,"" ""reasons unknown""). The ""(or an autopen)"" is a sarcastic, charged aside questioning legitimacy.",Former vice presidents are entitled to six months of Secret Service protection; Harris’ detail ended according to this schedule.,2,3,2,https://thefederalist.com/2025/08/29/americans-shouldnt-have-to-pay-for-secret-service-to-follow-kamala-around-on-her-book-tour/,The Fedralist,21.66,18.37
"“You are hereby authorized to discontinue any security-related procedures previously authorized by Executive Memorandum, beyond those required by law, for the following individual, effective September 1, 2025: Former Vice President Kamala D. Harris,” Trump’s directive states.",1,2,2,A direct quote from an official document. Neutral.,"“You are hereby authorized to discontinue any security-related procedures previously authorized by Executive Memorandum, beyond those required by law, for the following individual, effective September 1, 2025: Former Vice President Kamala D. Harris.”",2,3,2,https://thefederalist.com/2025/08/29/americans-shouldnt-have-to-pay-for-secret-service-to-follow-kamala-around-on-her-book-tour/,The Fedralist,21.66,18.37
"Trump reestablished the statutory norm under the Former Vice Presidents Act of 2008, more than a month after her detail should have stopped, but Democrats and their accomplices in the propaganda press want Americans to believe it was done out of vengeance.",9,10,9,"Reestablished the statutory norm frames Trump's action as correct. ""Accomplices in the propaganda press"" is extremely charged and divisive, creating a clear ""us (Trump/Americans) vs. them (Democrats/propaganda press).""",Former Secret Service protection for Harris was reestablished according to the statutory norm under the Former Vice Presidents Act of 2008.,2,3,2,https://thefederalist.com/2025/08/29/americans-shouldnt-have-to-pay-for-secret-service-to-follow-kamala-around-on-her-book-tour/,The Fedralist,21.66,18.37
"“This is another act of revenge following a long list of political retaliation in the form of firings, the revoking of security clearances and more,” communist Los Angeles Mayor Karen Bass told CNN. “This puts the former Vice President in danger and I look forward to working with the Governor to make sure Vice President Harris is safe in Los Angeles.”",2,3,3,A neutral quote providing a justification.,A quote from a public official noted the importance of maintaining safety for former vice presidents.,2,3,2,https://thefederalist.com/2025/08/29/americans-shouldnt-have-to-pay-for-secret-service-to-follow-kamala-around-on-her-book-tour/,The Fedralist,21.66,18.37
"Clearly no more danger than former vice presidents Mike Pence, Dick Cheney, or, yes, even Joe Biden were in after their terms expired. She, like them, will no longer receive 24/7 personal security, security at her home, or threat analysis for online threats from the Secret Service.",1,1,1,Neutral reporting.,Former vice presidents no longer receive continuous personal security or home protection once their standard term ends.,2,3,2,https://thefederalist.com/2025/08/29/americans-shouldnt-have-to-pay-for-secret-service-to-follow-kamala-around-on-her-book-tour/,The Fedralist,21.66,18.37
"But according to one MSNBC commentator, “It is retributive,” and Trump made the move “just because he doesn’t like Vice President Kamala Harris.”",6,8,6,"The title explanation is neutral. The final sentence is a claim presented as fact (""expected to cost... millions"") to frame the tour as a taxpayer burden.",An MSNBC commentator described the decision as retributive.,1,2,1,https://thefederalist.com/2025/08/29/americans-shouldnt-have-to-pay-for-secret-service-to-follow-kamala-around-on-her-book-tour/,The Fedralist,21.66,18.37
"“It speaks to how Donald Trump operates. He use the government to deal with his own personal animosity with people,” the commentator said.",7,5,6,"A direct, charged quote (""petty and vindictive,"" ""threatened""). The emotional charge is in the quote.",The commentator stated that the decision reflected personal animosity.,1,2,1,https://thefederalist.com/2025/08/29/americans-shouldnt-have-to-pay-for-secret-service-to-follow-kamala-around-on-her-book-tour/,The Fedralist,21.66,18.37
"But the thrust of Trump’s move is that Harris is not some select, special former vice president. And although CNN is worried “the cost of mounting any similar level of protection privately would be expensive, possibly going into the millions of dollars annually,” perhaps she can hire private security, if she needs it, like everyone else in her position has the opportunity to do — paid for by book proceeds or her substantial net worth, not the American people.",5,7,4,Presents a financial benefit to frame Trump's action positively. The framing is biased towards the decision's outcome.,Harris is treated according to standard Secret Service procedures; private security is an option funded by personal resources if desired.,1,2,1,https://thefederalist.com/2025/08/29/americans-shouldnt-have-to-pay-for-secret-service-to-follow-kamala-around-on-her-book-tour/,The Fedralist,21.66,18.37
"CNN wants Americans to believe that maybe Harris should be treated as an exception to the rule because she is black or a female, writing, “Harris, according to people familiar with her security operations, faced particular security concerns given that she was the first woman and first Black woman in the role.”",5,7,4,"Uses ""government watchdog groups"" to lend positive credibility to the action, framing it as a responsible cost-saving measure.",Some security reports note additional considerations for Harris due to her historic role as the first female and Black vice president.,2,3,2,https://thefederalist.com/2025/08/29/americans-shouldnt-have-to-pay-for-secret-service-to-follow-kamala-around-on-her-book-tour/,The Fedralist,21.66,18.37
"Bob Salladay, a spokesman for Gov. Gavin Newsom, D-Calif., added highly exaggerated fuel to the fire, telling CNN that “the safety of our public officials should never be subject to erratic, vindictive political impulses.”",4,5,4,Presents the counter-argument neutrally.,A spokesman emphasized that the safety of public officials should be maintained consistently.,2,3,2,https://thefederalist.com/2025/08/29/americans-shouldnt-have-to-pay-for-secret-service-to-follow-kamala-around-on-her-book-tour/,The Fedralist,21.66,18.37
"NBC echoed CNN’s hysteria: “The decision, first reported by CNN, is among a number of actions Trump and his administration have taken to target people who worked for the Biden administration.”",2,4,3,"A neutral, analytical summary of the underlying debate.",NBC reported that some viewed the decision as part of actions affecting officials from the prior administration.,2,3,2,https://thefederalist.com/2025/08/29/americans-shouldnt-have-to-pay-for-secret-service-to-follow-kamala-around-on-her-book-tour/,The Fedralist,21.66,18.37
“Johnson wasn’t protesting; he was declaring war against the forces of an evil he believed would lead his city to ruin.”,4,5,8,"Analytical, but explicitly frames the situation as a partisan battle (""flashpoint,"" ""battles,"" ""camps""), which is the definition of ""us-vs-them.""",Johnson was described as taking a firm stance against perceived threats in his city.,2,3,2,https://pjmedia.com/david-manney/2025/08/31/a-mayors-signature-versus-a-presidents-troops-n4943210,PJ Media,18.88,21.51
"“What he can do, however, is instruct his department not to patrol with them, not to make arrests, and definitely not to make it appear as though they’re working together.”",3,5,4,"Frames the action as a return to normalcy, which is a positive bias toward Trump's decision.",Johnson instructed his department on patrol and arrest protocols in certain contexts.,1,2,1,https://pjmedia.com/david-manney/2025/08/31/a-mayors-signature-versus-a-presidents-troops-n4943210,PJ Media,18.88,21.51
"“Johnson also ordered city officers to wear uniforms, including visible identification, while ‘urging’ federal agents to do the same, but without a means to enforce it.”",4,6,4,"Highlights a lack of information from one side, framing it negatively.",Johnson directed officers to wear uniforms and identification while suggesting federal agents do the same.,1,2,1,https://pjmedia.com/david-manney/2025/08/31/a-mayors-signature-versus-a-presidents-troops-n4943210,PJ Media,18.88,21.51
"“In Washington, downtown streets were cleared, businesses were reopened, and residents reported they felt safe for the first time in years.”",4,5,3,Neutral reporting on the range of public speculation.,"In Washington, downtown streets were cleared, businesses reopened, and residents reported feeling safe.",1,2,1,https://pjmedia.com/david-manney/2025/08/31/a-mayors-signature-versus-a-presidents-troops-n4943210,PJ Media,18.88,21.51
"“That success has become the backdrop for Chicago, where shootings and carjackings plague neighborhoods. The president’s team argues it’s a successful philosophy.”",1,1,1,Neutral fact.,"In Chicago, shootings and carjackings continue in some neighborhoods, and authorities argue certain policies are effective.",2,3,2,https://pjmedia.com/david-manney/2025/08/31/a-mayors-signature-versus-a-presidents-troops-n4943210,PJ Media,18.88,21.51
"“Despite all the noise he’s making, it doesn’t disguise the fact that federal agents are working in Chicago; whether it’s the FBI, DEA, or ICE, they don’t need permission from City Hall to fulfill their duties.”",3,5,6,"An analytical prediction that frames the issue as a tool for one side of the political divide (""conservative media"").",Federal agents operate in Chicago to fulfill their duties independently of City Hall.,2,3,2,https://pjmedia.com/david-manney/2025/08/31/a-mayors-signature-versus-a-presidents-troops-n4943210,PJ Media,18.88,21.51
"“Legal experts reviewing Johnson’s EO quickly called it largely symbolic. Any mayor has authority over his officers, but that command ends with federal agencies.”",2,3,2,"Neutral, speculative conclusion.",Legal experts concluded Johnson’s executive order was largely symbolic.,2,3,2,https://pjmedia.com/david-manney/2025/08/31/a-mayors-signature-versus-a-presidents-troops-n4943210,PJ Media,18.88,21.51
“Parents everywhere know that symbolism doesn’t stop bullets and that executive orders don’t provide reassurance alongside gravesites.”,1,1,1,Neutral fact.,Symbolic measures do not prevent harm or provide reassurance in all situations.,2,3,2,https://pjmedia.com/david-manney/2025/08/31/a-mayors-signature-versus-a-presidents-troops-n4943210,PJ Media,18.88,21.51
"“When the dust settles, it’s not about legal footnotes or executive orders. The only judge that matters is results, regardless of where they come from, City Hall or Washington.”",1,1,1,Neutral historical fact.,The ultimate assessment of policies depends on their effectiveness rather than legal technicalities.,2,3,2,https://pjmedia.com/david-manney/2025/08/31/a-mayors-signature-versus-a-presidents-troops-n4943210,PJ Media,18.88,21.51
"“For people who just want to take their kids to the park, walk to church, or sit on their porch without worrying about random gunfire, constitutional boundaries don’t matter.”",2,3,1,Neutral explanation of legislative intent.,"Residents’ ability to engage in everyday activities safely is the primary concern, beyond constitutional or legal limits.",2,3,2,https://pjmedia.com/david-manney/2025/08/31/a-mayors-signature-versus-a-presidents-troops-n4943210,PJ Media,18.88,21.51
"“The only difference between a protester’s sign and Mayor Johnson’s executive order is the amount of ink used on the substrate. Johnson’s order is simply a protest in ink, not a barrier in reality.”",1,1,1,Neutral fact.,Johnson’s executive order is symbolic and does not change practical safety outcomes.,1,2,1,https://pjmedia.com/david-manney/2025/08/31/a-mayors-signature-versus-a-presidents-troops-n4943210,PJ Media,18.88,21.51
“What it boils down to is that the true measure isn’t a signed EO or protest speeches from the mayor; it’s whether Chicagoans are safe on their streets.”,3,3,2,"Neutral, contextual fact.",The real measure of effectiveness is whether residents are safe in their communities.,1,2,1,https://pjmedia.com/david-manney/2025/08/31/a-mayors-signature-versus-a-presidents-troops-n4943210,PJ Media,18.88,21.51
"The whole plandemic was mighty convincing, especially since nobody had ever experienced anything like the control-tripping governments around the world using the same script, the same mandates, the same fear-mongering press script, and the same talking heads to convince everyone they could to get the deadliest vaccines ever made. Now it’s all coming out, including the natural origin theory of the Wuhan lab virus creation and leak. Just like truth media said all along.",1,1,1,Neutral fact.,"Global responses to the COVID-19 pandemic were unprecedented, involving coordinated government and public health actions.",1,2,1,https://newstarget.com/2025-08-28-fauci-pharma-shills-suppressed-wuhan-lab-leak-evidence.html,News Target,7.74,29.87
"A growing body of whistleblower testimony and declassified documents suggests senior U.S. intelligence officials deliberately suppressed early evidence pointing to a lab leak as the origin of COVID-19, while Anthony Fauci and his network of scientific allies steered the public narrative toward a natural origin theory. A recent Daily Caller News Foundation investigation reveals how political considerations, financial ties, and bureaucratic maneuvering sidelined agency scientists and shaped the global pandemic response.",2,3,2,Neutral reporting on policy efforts.,"Documents and testimony suggest some early evidence on COVID-19’s origin was not initially shared publicly, while investigations continued into natural and lab-origin hypotheses.",2,3,2,https://newstarget.com/2025-08-28-fauci-pharma-shills-suppressed-wuhan-lab-leak-evidence.html,News Target,7.74,29.87
"Suppressed intelligence: Whistleblowers revealed that senior U.S. intelligence officials withheld classified evidence — including 2019 CCP communications and genetic data — that pointed to a Wuhan lab leak, preventing President Trump from seeing it while Fauci’s inner circle shaped the narrative.",3,5,8,"Explicitly frames the issue as a partisan ""us-vs-them"" divide.",Whistleblowers indicated some intelligence on a potential Wuhan lab leak was withheld during early 2020.,2,3,2,https://newstarget.com/2025-08-28-fauci-pharma-shills-suppressed-wuhan-lab-leak-evidence.html,News Target,7.74,29.87
"Fauci’s influence: Despite attending 16 National Security Council meetings, Fauci never raised Wuhan concerns publicly, while documents like the “DEFUSE” proposal and scientists’ private doubts about a lab leak were buried in favor of public claims of a natural origin.",4,6,8,"Explicitly frames the specific event within the context of the partisan ""us-vs-them"" divide.","Fauci attended National Security Council meetings without publicly raising concerns about Wuhan labs, while internal documents recorded scientists’ private doubts.",2,3,2,https://newstarget.com/2025-08-28-fauci-pharma-shills-suppressed-wuhan-lab-leak-evidence.html,News Target,7.74,29.87
"Blocked scientific dissent: Analysts at the National Medical Intelligence Center and DOE who saw lab-engineering signatures were silenced, while Fauci-linked scientists pushed the “Proximal Origin” paper to dismiss lab leak theories, echoed in ODNI and media statements.",5,6,8,"Frames the event as part of a personal ""us-vs-them"" rivalry.","Analysts who identified potential lab-engineering features were not publicly cited, while other scientists published papers supporting a natural origin.",2,3,2,https://newstarget.com/2025-08-28-fauci-pharma-shills-suppressed-wuhan-lab-leak-evidence.html,News Target,7.74,29.87
"Transparency battle: Former intelligence leaders like John Ratcliffe and Robert Redfield argue that political pressure and Fauci’s network suppressed the truth, while agencies like the FBI and DOE eventually concluded independently that a lab leak was the most likely cause.",3,4,5,"Neutral political analysis that acknowledges the competitive (""us-vs-them"") future context.",Former intelligence officials noted that political pressures influenced how information on COVID-19 origins was communicated.,2,3,2,https://newstarget.com/2025-08-28-fauci-pharma-shills-suppressed-wuhan-lab-leak-evidence.html,News Target,7.74,29.87
"Whistleblowers: Fauci and intelligence officials deliberately suppressed early COVID lab leak evidence. Signals intelligence from late 2019 reportedly captured urgent communications between Chinese Communist Party officials in Beijing and Wuhan, coinciding with unusual activity at the Wuhan Institute of Virology.",4,6,4,Frames the decision positively within Trump's stated policy goals.,Early signals suggested possible communications related to Wuhan lab activity; this information was reportedly not provided directly to the president.,2,3,2,https://newstarget.com/2025-08-28-fauci-pharma-shills-suppressed-wuhan-lab-leak-evidence.html,News Target,7.74,29.87
"U.S. scientists who decoded early genetic sequences also flagged unusual features consistent with laboratory manipulation. However, this intelligence was never provided to then-President Donald Trump. Instead, assessments were filtered through Fauci’s circle, which pushed the narrative that COVID was most likely natural in origin.",5,7,7,"Frames the decision as part of a populist ""us (people) vs. them (political establishment)"" narrative.","Early genetic analyses noted unusual features, though the public narrative focused on natural origins.",1,2,1,https://newstarget.com/2025-08-28-fauci-pharma-shills-suppressed-wuhan-lab-leak-evidence.html,News Target,7.74,29.87
Fauci participated in at least 16 National Security Council meetings during the early months of 2020 but did not raise concerns about Wuhan labs despite privately acknowledging doubts. Former CDC Director Robert Redfield later said the real conspiracy was “the decision to suppress that information from the American public.”,4,6,5,"Reports a supportive viewpoint that frames the previous action as ""overreach.""",Fauci participated in National Security Council meetings but did not raise public concerns; some officials later described withholding information from the public.,1,2,1,https://newstarget.com/2025-08-28-fauci-pharma-shills-suppressed-wuhan-lab-leak-evidence.html,News Target,7.74,29.87
"Documents like the 2018 “DEFUSE” proposal — which described coronavirus engineering research in Wuhan — were excluded from intelligence summaries. Meanwhile, key scientists with ties to Fauci, including Kristian Andersen and James Le Duc, privately admitted the plausibility of a lab escape even as they publicly dismissed it in influential papers.",4,5,5,"Reports an opposing viewpoint that frames the action as ""animus-driven.""",A 2018 proposal describing coronavirus research in Wuhan was excluded from summaries; scientists privately acknowledged lab escape plausibility while publicly supporting a natural origin.,2,3,2,https://newstarget.com/2025-08-28-fauci-pharma-shills-suppressed-wuhan-lab-leak-evidence.html,News Target,7.74,29.87
"Despite mounting evidence, the Office of the Director of National Intelligence (ODNI) released an April 30, 2020 statement asserting a “wide scientific consensus” against genetic modification, a position aligned with Fauci-backed advisors. That same day, The New York Times framed Trump administration officials as “conclusion shopping,” reinforcing the perception that lab leak theories were politically motivated rather than evidence-based.",2,4,3,A concluding statement that attempts neutrality but acknowledges the biased perspectives that define the issue.,"Despite evidence, the Office of the Director of National Intelligence released statements reflecting scientific consensus against genetic modification, while media coverage characterized differing views as politically motivated.",2,3,2,https://newstarget.com/2025-08-28-fauci-pharma-shills-suppressed-wuhan-lab-leak-evidence.html,News Target,7.74,29.87